layout,page,row,col,question,path
row,attended.png,1,1,1,C:\Users\HP\Downloads\Abacus files\files\backend\output\boxes\attended\q001_r01_c01.png
row,attended.png,1,2,2,C:\Users\HP\Downloads\Abacus files\files\backend\output\boxes\attended\q002_r01_c02.png
row,attended.png,1,3,3,C:\Users\HP\Downloads\Abacus files\files\backend\output\boxes\attended\q003_r01_c03.png
row,attended.png,1,4,4,C:\Users\HP\Downloads\Abacus files\files\backend\output\boxes\attended\q004_r01_c04.png
row,attended.png,1,5,5,C:\Users\HP\Downloads\Abacus files\files\backend\output\boxes\attended\q005_r01_c05.png
row,attended.png,1,6,6,C:\Users\HP\Downloads\Abacus files\files\backend\output\boxes\attended\q006_r01_c06.png
row,attended.png,1,7,7,C:\Users\HP\Downloads\Abacus files\files\backend\output\boxes\attended\q007_r01_c07.png
row,attended.png,1,8,8,C:\Users\HP\Downloads\Abacus files\files\backend\output\boxes\attended\q008_r01_c08.png
row,attended.png,1,9,9,C:\Users\HP\Downloads\Abacus files\files\backend\output\boxes\attended\q009_r01_c09.png
row,attended.png,1,10,10,C:\Users\HP\Downloads\Abacus files\files\backend\output\boxes\attended\q010_r01_c10.png
row,attended.png,1,11,11,C:\Users\HP\Downloads\Abacus files\files\backend\output\boxes\attended\q011_r01_c11.png
row,attended.png,1,12,12,C:\Users\HP\Downloads\Abacus files\files\backend\output\boxes\attended\q012_r01_c12.png
row,attended.png,1,13,13,C:\Users\HP\Downloads\Abacus files\files\backend\output\boxes\attended\q013_r01_c13.png
row,attended.png,1,14,14,C:\Users\HP\Downloads\Abacus files\files\backend\output\boxes\attended\q014_r01_c14.png
row,attended.png,1,15,15,C:\Users\HP\Downloads\Abacus files\files\backend\output\boxes\attended\q015_r01_c15.png
row,attended.png,1,16,16,C:\Users\HP\Downloads\Abacus files\files\backend\output\boxes\attended\q016_r01_c16.png
row,attended.png,1,17,17,C:\Users\HP\Downloads\Abacus files\files\backend\output\boxes\attended\q017_r01_c17.png
row,attended.png,1,18,18,C:\Users\HP\Downloads\Abacus files\files\backend\output\boxes\attended\q018_r01_c18.png
row,attended.png,1,19,19,C:\Users\HP\Downloads\Abacus files\files\backend\output\boxes\attended\q019_r01_c19.png
row,attended.png,1,20,20,C:\Users\HP\Downloads\Abacus files\files\backend\output\boxes\attended\q020_r01_c20.png
row,attended.png,2,1,21,C:\Users\HP\Downloads\Abacus files\files\backend\output\boxes\attended\q021_r02_c01.png
row,attended.png,2,2,22,C:\Users\HP\Downloads\Abacus files\files\backend\output\boxes\attended\q022_r02_c02.png
row,attended.png,2,3,23,C:\Users\HP\Downloads\Abacus files\files\backend\output\boxes\attended\q023_r02_c03.png
row,attended.png,2,4,24,C:\Users\HP\Downloads\Abacus files\files\backend\output\boxes\attended\q024_r02_c04.png
row,attended.png,2,5,25,C:\Users\HP\Downloads\Abacus files\files\backend\output\boxes\attended\q025_r02_c05.png
row,attended.png,2,6,26,C:\Users\HP\Downloads\Abacus files\files\backend\output\boxes\attended\q026_r02_c06.png
row,attended.png,2,7,27,C:\Users\HP\Downloads\Abacus files\files\backend\output\boxes\attended\q027_r02_c07.png
row,attended.png,2,8,28,C:\Users\HP\Downloads\Abacus files\files\backend\output\boxes\attended\q028_r02_c08.png
row,attended.png,2,9,29,C:\Users\HP\Downloads\Abacus files\files\backend\output\boxes\attended\q029_r02_c09.png
row,attended.png,2,10,30,C:\Users\HP\Downloads\Abacus files\files\backend\output\boxes\attended\q030_r02_c10.png
row,attended.png,2,11,31,C:\Users\HP\Downloads\Abacus files\files\backend\output\boxes\attended\q031_r02_c11.png
row,attended.png,2,12,32,C:\Users\HP\Downloads\Abacus files\files\backend\output\boxes\attended\q032_r02_c12.png
row,attended.png,2,13,33,C:\Users\HP\Downloads\Abacus files\files\backend\output\boxes\attended\q033_r02_c13.png
row,attended.png,2,14,34,C:\Users\HP\Downloads\Abacus files\files\backend\output\boxes\attended\q034_r02_c14.png
row,attended.png,2,15,35,C:\Users\HP\Downloads\Abacus files\files\backend\output\boxes\attended\q035_r02_c15.png
row,attended.png,2,16,36,C:\Users\HP\Downloads\Abacus files\files\backend\output\boxes\attended\q036_r02_c16.png
row,attended.png,2,17,37,C:\Users\HP\Downloads\Abacus files\files\backend\output\boxes\attended\q037_r02_c17.png
row,attended.png,2,18,38,C:\Users\HP\Downloads\Abacus files\files\backend\output\boxes\attended\q038_r02_c18.png
row,attended.png,2,19,39,C:\Users\HP\Downloads\Abacus files\files\backend\output\boxes\attended\q039_r02_c19.png
row,attended.png,2,20,40,C:\Users\HP\Downloads\Abacus files\files\backend\output\boxes\attended\q040_r02_c20.png
row,attended.png,3,1,41,C:\Users\HP\Downloads\Abacus files\files\backend\output\boxes\attended\q041_r03_c01.png
row,attended.png,3,2,42,C:\Users\HP\Downloads\Abacus files\files\backend\output\boxes\attended\q042_r03_c02.png
row,attended.png,3,3,43,C:\Users\HP\Downloads\Abacus files\files\backend\output\boxes\attended\q043_r03_c03.png
row,attended.png,3,4,44,C:\Users\HP\Downloads\Abacus files\files\backend\output\boxes\attended\q044_r03_c04.png
row,attended.png,3,5,45,C:\Users\HP\Downloads\Abacus files\files\backend\output\boxes\attended\q045_r03_c05.png
row,attended.png,3,6,46,C:\Users\HP\Downloads\Abacus files\files\backend\output\boxes\attended\q046_r03_c06.png
row,attended.png,3,7,47,C:\Users\HP\Downloads\Abacus files\files\backend\output\boxes\attended\q047_r03_c07.png
row,attended.png,3,8,48,C:\Users\HP\Downloads\Abacus files\files\backend\output\boxes\attended\q048_r03_c08.png
row,attended.png,3,9,49,C:\Users\HP\Downloads\Abacus files\files\backend\output\boxes\attended\q049_r03_c09.png
row,attended.png,3,10,50,C:\Users\HP\Downloads\Abacus files\files\backend\output\boxes\attended\q050_r03_c10.png
row,attended.png,3,11,51,C:\Users\HP\Downloads\Abacus files\files\backend\output\boxes\attended\q051_r03_c11.png
row,attended.png,3,12,52,C:\Users\HP\Downloads\Abacus files\files\backend\output\boxes\attended\q052_r03_c12.png
row,attended.png,3,13,53,C:\Users\HP\Downloads\Abacus files\files\backend\output\boxes\attended\q053_r03_c13.png
row,attended.png,3,14,54,C:\Users\HP\Downloads\Abacus files\files\backend\output\boxes\attended\q054_r03_c14.png
row,attended.png,3,15,55,C:\Users\HP\Downloads\Abacus files\files\backend\output\boxes\attended\q055_r03_c15.png
row,attended.png,3,16,56,C:\Users\HP\Downloads\Abacus files\files\backend\output\boxes\attended\q056_r03_c16.png
row,attended.png,3,17,57,C:\Users\HP\Downloads\Abacus files\files\backend\output\boxes\attended\q057_r03_c17.png
row,attended.png,3,18,58,C:\Users\HP\Downloads\Abacus files\files\backend\output\boxes\attended\q058_r03_c18.png
row,attended.png,3,19,59,C:\Users\HP\Downloads\Abacus files\files\backend\output\boxes\attended\q059_r03_c19.png
row,attended.png,3,20,60,C:\Users\HP\Downloads\Abacus files\files\backend\output\boxes\attended\q060_r03_c20.png
